{"cameraMode":{"drawMode":0,"name":"Shaded","section":"Shading Mode"},"sceneLighting":false,"audioPlay":false,"sceneViewState":{"showFog":true,"showMaterialUpdate":false,"showSkybox":false,"showFlares":true,"showImageEffects":true,"showParticleSystems":true},"in2DMode":false,"pivot":{"x":1.7464625835418702,"y":-1.8712668418884278,"z":-0.9093513488769531},"rotation":{"x":-0.41330042481422427,"y":0.02921958640217781,"z":-0.01326996460556984,"w":-0.9100290536880493},"size":9.764148712158204,"orthographic":false}