{"cameraMode":{"drawMode":0,"name":"Shaded","section":"Shading Mode"},"sceneLighting":false,"audioPlay":false,"sceneViewState":{"showFog":true,"showMaterialUpdate":false,"showSkybox":true,"showFlares":true,"showImageEffects":true,"showParticleSystems":true},"in2DMode":false,"pivot":{"x":1.1920928955078126e-7,"y":3.0,"z":-2.384185791015625e-7},"rotation":{"x":-0.001324351760558784,"y":-0.949101984500885,"z":0.31494101881980898,"w":-0.003990046214312315},"size":7.144720554351807,"orthographic":true}