{"cameraMode":{"drawMode":0,"name":"Shaded","section":"Shading Mode"},"sceneLighting":true,"audioPlay":false,"sceneViewState":{"showFog":true,"showMaterialUpdate":false,"showSkybox":true,"showFlares":true,"showImageEffects":true,"showParticleSystems":true},"in2DMode":false,"pivot":{"x":-6.71550989151001,"y":5.38397216796875,"z":-2.5208301544189455},"rotation":{"x":-0.001324351760558784,"y":-0.949101984500885,"z":0.31494101881980898,"w":-0.003990046214312315},"size":33.20939254760742,"orthographic":true}