{"cameraMode":{"drawMode":0,"name":"Shaded","section":"Shading Mode"},"sceneLighting":false,"audioPlay":false,"sceneViewState":{"showFog":true,"showMaterialUpdate":false,"showSkybox":true,"showFlares":true,"showImageEffects":true,"showParticleSystems":true},"in2DMode":false,"pivot":{"x":1.613525629043579,"y":-1.40625,"z":-0.3750002384185791},"rotation":{"x":-0.001324351760558784,"y":-0.949101984500885,"z":0.31494101881980898,"w":-0.003990046214312315},"size":8.869129180908204,"orthographic":true}